Typ;Grundform/Lemma;Wortstamm;Bedarfsbereiche/Warenbedarf;Untergruppe;Bedeutung;Literatur;Bibliographie
allgemeiner Händlerbegriff;aginatus;aginat;allg. Händler;allgemeiner Handel;Händler, wie negotiator;Wissemann 1984;Wissemann, M. (1984). Die Spezialisierung des römischen Handels, MBAH III 1, S. 116-124.
allgemeiner Händlerbegriff;circitor;circitor;allg. Händler;allgemeiner Handel;Hausierer;Wissemann 1984;Schlippschuh, O. (1974). Die Händler im römischen Kaiserreich in Gallien, Germanien und den Donauprovinzen Rätien, Noricum und Pannonien. A. M. Hakkert.
allgemeiner Händlerbegriff;cocistrio;cocistri;allg. Händler;allgemeiner Handel;Krämer;Wissemann 1984;Kunow, J. (1980). Negotiator et vectura. Händler und Transport im freien Germanien. In Kleine Schriften aus dem Vorgeschichtlichen Seminar Marburg. Heft 6. Vorgeschichtliches Seminar.
allgemeiner Händlerbegriff;institor;institor;allg. Händler;allgemeiner Handel;Kleinhändler;Wissemann 1984;
allgemeiner Händlerbegriff;lixa;lixa;Militärhändler;Militärhändler;Händler des Militärs, Marktender;Kunow 1980;
allgemeiner Händlerbegriff;magnarii;magnari;allg. Händler;allgemeiner Handel;Großhändler;Wissemann 1984;
allgemeiner Händlerbegriff;mercator;mercator;allg. Händler;allgemeiner Handel;Kleinhändler, Sortiment ohne spez. Warengruppe, Kaufmann;Schlippschuh 1974;
allgemeiner Händlerbegriff;negotians;negotiant;allg. Händler;allgemeiner Handel;handelnde Person, Handel treibende Person;Schlippschuh 1974;
allgemeiner Händlerbegriff;negotiantes;negotiant;allg. Händler;allgemeiner Handel;handelnde Person, Handel treibende Person;Schlippschuh 1974;
allgemeiner Händlerbegriff;negotiantis;negotiant;allg. Händler;allgemeiner Handel;handelnde Person, Handel treibende Person;Eigene Recherche;
allgemeiner Händlerbegriff;negotiator;negotiator;allg. Händler;allgemeiner Handel;Großhändler, oft mit großem Sortiment, Fernhändler;Schlippschuh 1974 / Kunow 1980;
allgemeiner Händlerbegriff;nundinator;nundinator;allg. Händler;allgemeiner Handel;Händler, Krämer;Wissemann 1984;
allgemeiner Händlerbegriff;pantopola;pantopol;allg. Händler;allgemeiner Handel;Krämer;Wissemann 1984;
allgemeiner Händlerbegriff;popa;po;allg. Händler;allgemeiner Handel;Krämer;Wissemann 1984;
allgemeiner Händlerbegriff;propola;propola;allg. Händler;allgemeiner Handel;Krämer, lokaler Kleinhändler / Aufkäufer;Schlippschuh 1974 / Wissemann 1984;
allgemeiner Händlerbegriff;propolarius;propolari;allg. Händler;allgemeiner Handel;Händler;Wissemann 1984;
allgemeiner Händlerbegriff;savinarius;savinari;allg. Händler;allgemeiner Handel;Krämer;Wissemann 1984;
allgemeiner Händlerbegriff;tabernarius;tabernari;allg. Händler;allgemeiner Handel;Krämer;Wissemann 1984;
allgemeiner Händlerbegriff;venditor;venditor;allg. Händler;allgemeiner Handel;Verkäufer;Wissemann 1984;
spezialisierter Händlerbegriff;aconitarius;aconitari;Schmuck- und Zierbedarf;Drogen/Salben;Drogist;Wissemann 1984;
spezialisierter Händlerbegriff;acuclarius;acuclari;Schmuck- und Zierbedarf;Nadel/Kopf-;Händler und/ oder Hersteller mit Nadeln zum Kopfputz;Wissemann 1984;
spezialisierter Händlerbegriff;adipatarius;adipatari;Lebensmittelbedarf;Gebäck;Händler mit Schmalzgebäck;Wissemann 1984;
spezialisierter Händlerbegriff;aluminarius;aluminari;Arbeits- und Betriebsmittelbedarf;Alaun;Alaunhändler (und/oder -arbeiter);Wissemann 1984;
spezialisierter Händlerbegriff;ampullarius;ampullari;Arbeits- und Betriebsmittelbedarf;Flaschen/Behälter;Flaschenhändler, Hersteller und Händler von Flaschen aus Ton, Glas oder Leder;Schlippschuh 1974 / Wissemann 1984;
spezialisierter Händlerbegriff;anellarius;anellari;Schmuck- und Zierbedarf;Ringe;Händler und/ oder Hersteller mit Ringen;Wissemann 1984;
spezialisierter Händlerbegriff;annularius;annulari;Schmuck- und Zierbedarf;Ringe;Ring-/Schmuckhersteller(/-händler);Schlippschuh 1974;
spezialisierter Händlerbegriff;anularius;anulari;Schmuck- und Zierbedarf;Ringe;Ring-/Schmuckhersteller(/-händler);Schlippschuh 1974;
spezialisierter Händlerbegriff;argentarius;argentari;Schmuck- und Zierbedarf;Silber;Händler von Silbergeschirr(-waren), Geldwechsler, Bänker;Schlippschuh 1974;
spezialisierter Händlerbegriff;aromatarius;aromatari;Lebensmittelbedarf;Gewürze;Gewürzhändler;Wissemann 1984;
spezialisierter Händlerbegriff;arundarius;arundari;Arbeits- und Betriebsmittelbedarf;Rohr;Rohrhändler;Wissemann 1984;
spezialisierter Händlerbegriff;aurarius;auriari;Schmuck- und Zierbedarf;Gold;Goldschmied, Juwelier,(Goldschmuckhändler);Eigene Recherche;
spezialisierter Händlerbegriff;bellarius;bellari;Lebensmittelbedarf;Konfekt;Händler mit Konfekt;Wissemann 1984;
spezialisierter Händlerbegriff;bibliopola;bibliopola;Bildungs- und Unterhaltungsbedarf;Bücher;Buchhändler;Wissemann 1984;
spezialisierter Händlerbegriff;bolonae;bolona;Lebensmittelbedarf;Fisch;Fischgrosshändler;Wissemann 1984;
spezialisierter Händlerbegriff;botularius;botulari;Lebensmittelbedarf;Wurst;Händler und/ oder Hersteller mit Wurst;Wissemann 1984;
spezialisierter Händlerbegriff;braccarius;braccari;Kleidungs- und Schutzbedarf;Hosen;Händler und/ oder Hersteller mit Hosen;Wissemann 1984;
spezialisierter Händlerbegriff;buccones;buccon;Lebensmittelbedarf;Fisch;Händler mit verschiedenen Fischsorten;Wissemann 1984;
spezialisierter Händlerbegriff;calceolarius;calceolari;Kleidungs- und Schutzbedarf;Schuhe;Schuhmacher;Schlippschuh 1974;
spezialisierter Händlerbegriff;calciarius;calciari;Kleidungs- und Schutzbedarf;Schuhe/Sohlen;Sohlenmacher;Eigene Recherche;
spezialisierter Händlerbegriff;caligarius;caligari;Kleidungs- und Schutzbedarf;Soldatenstiefel/Sandalen;Soldatenstiefel-, Sandalenmacher/-händler;Schlippschuh 1974;
spezialisierter Händlerbegriff;capidarius;capidari;Wohn- und Ausstattungsbedarf;Henkelschale;Händler und/ oder Hersteller mit Henkelschalen;Wissemann 1984;
spezialisierter Händlerbegriff;capistrarius;capistrari;Arbeits- und Betriebsmittelbedarf;Zaumzeug;Hersteller und Händler von Halfter/Zaumzeug;Schlippschuh 1974;
spezialisierter Händlerbegriff;capsarius;capsari;Wohn- und Ausstattungsbedarf;Kästchen;Händler mit Kästchen;Wissemann 1984;
spezialisierter Händlerbegriff;caracterarius;caracterari;Arbeits- und Betriebsmittelbedarf;Stein;Steinhändler, Händler von bearbeiteten Steinen;Schlippschuh 1974;
spezialisierter Händlerbegriff;carbonarius;carbonari;Arbeits- und Betriebsmittelbedarf;Kohle;Kohlenhändler oder Köhler;;
spezialisierter Händlerbegriff;ceparius;cepari;Lebensmittelbedarf;Zwiebel;Zwiebelhändler;Wissemann 1984;
spezialisierter Händlerbegriff;cerarius;cerari;Wohn- und Ausstattungsbedarf;Kerzen;Händler mit Kerzen;Wissemann 1984;
spezialisierter Händlerbegriff;ceriolarius;ceriolari;Wohn- und Ausstattungsbedarf;Kerzen;Händler mit Kerzen;Wissemann 1984;
spezialisierter Händlerbegriff;cervesarius;cervesari;Lebensmittelbedarf;Bier;Bierbrauer,-händler versch. Biersorten;Schlippschuh 1974;
spezialisierter Händlerbegriff;cetarius;cetari;Lebensmittelbedarf;Fisch;See- oder Thunfischhändler;Wissemann 1984;
spezialisierter Händlerbegriff;chartarius;chartari;Bildungs- und Unterhaltungsbedarf;Papier;Papierhändler / Händler mit Papyruspapier;Schlippschuh 1974 / Wissemann 1984;
spezialisierter Händlerbegriff;chartopola;chartopola;Bildungs- und Unterhaltungsbedarf;Papier;Papierhändler;Wissemann 1984;
spezialisierter Händlerbegriff;chartoprates;chartoprat;Bildungs- und Unterhaltungsbedarf;Papier;Papierhändler;Wissemann 1984;
spezialisierter Händlerbegriff;cicerarius;cicerari;Lebensmittelbedarf;Hülsenfrüchte;Kichererbsenhändler;Wissemann 1984;
spezialisierter Händlerbegriff;ciliciarius;ciliciari;Wohn- und Ausstattungsbedarf;Teppich;Händler mit Haarteppichen aus Kilikien;Wissemann 1984;
spezialisierter Händlerbegriff;citrarius;citrari;Wohn- und Ausstattungsbedarf;Holz;Händler mit Gegenständen aus Zitrusholz;Wissemann 1984;
spezialisierter Händlerbegriff;claustrarius;claustrari;Wohn- und Ausstattungsbedarf;Türriegel;Händler mit Türriegeln;Wissemann 1984;
spezialisierter Händlerbegriff;condimentarius;condimentari;Lebensmittelbedarf;Gewürze;Gewürzhändler;Wissemann 1984;
spezialisierter Händlerbegriff;conditarius;conditari;Lebensmittelbedarf;Konserven;Händler mit konservierten Nahrungsmitteln;Wissemann 1984;
spezialisierter Händlerbegriff;corollaria;corollari;Schmuck- und Zierbedarf;Kränze;Kranzhändlerin;Wissemann 1984;
spezialisierter Händlerbegriff;cotiarius;cotiari;Arbeits- und Betriebsmittelbedarf;Stein;Händler mit Schleifsteinen;Wissemann 1984;
spezialisierter Händlerbegriff;crepidarius;crepidari;Kleidungs- und Schutzbedarf;Schuhe;Händler mit Halbschuhen;Wissemann 1984;
spezialisierter Händlerbegriff;cretarius;cretari;Wohn- und Ausstattungsbedarf;Hausrat;Töpferwarenhändler, Händler für Hausrat wie Lampen, Leuchter, Tongeschirr und Glas, Spiegel usw.;Schlippschuh 1974;
spezialisierter Händlerbegriff;crustarius;crustari;Wohn- und Ausstattungsbedarf;Reliefarbeit;Händler mit Reliefarbeiten;Wissemann 1984;
spezialisierter Händlerbegriff;crustularius;crustulari;Lebensmittelbedarf;Gebäck;Händler mit Gebäck;Wissemann 1984;
spezialisierter Händlerbegriff;cucullarius;cucullari;Kleidungs- und Schutzbedarf;Mäntel;Händler mit Kapuzenmänteln;Wissemann 1984;
spezialisierter Händlerbegriff;culcitarius;culcitari;Wohn- und Ausstattungsbedarf;Polster;Händler oder Hersteller von Polstern;Wissemann 1984;
spezialisierter Händlerbegriff;cullearius;culleari;Arbeits- und Betriebsmittelbedarf;Ledersäcke, Weinschläuche;Händler mit Ledersäcken und Weinschläuchen;Wissemann 1984;
spezialisierter Händlerbegriff;cultrarius;cultrari;Arbeits- und Betriebsmittelbedarf;Messer;Händler und/ oder Hersteller mit Messern;Wissemann 1984;
spezialisierter Händlerbegriff;cuparius;cupari;Arbeits- und Betriebsmittelbedarf;Fässer;Fasshersteller, (-händler) Transportgefäßhersteller;Schlippschuh 1974;
spezialisierter Händlerbegriff;cuppedinarius;cuppedinari;Lebensmittelbedarf;Süßwaren;Händler und/ oder Hersteller mit Süsswaren;Wissemann 1984;
spezialisierter Händlerbegriff;cybiosactes;cybiosact;Lebensmittelbedarf;Fisch;Händler mit gepökeltem Fisch;Wissemann 1984;
spezialisierter Händlerbegriff;diabathrarius;diabathrari;Kleidungs- und Schutzbedarf;Schuhe;Händler mit leichten Schuhen;Wissemann 1984;
spezialisierter Händlerbegriff;diatretarius;diatretari;Wohn- und Ausstattungsbedarf;Gläser;Händler und/ oder Hersteller mit Diatretgläsern;Wissemann 1984;
spezialisierter Händlerbegriff;diffusor;diffusor;Lebensmittelbedarf;Öl;Ölverteiler/-händler, Fernhändler von Öl;Schlippschuh 1974;
spezialisierter Händlerbegriff;dogarius;dogari;Wohn- und Ausstattungsbedarf;Gefäße;Händler und/ oder Hersteller mit Gefäßen;Wissemann 1984;
spezialisierter Händlerbegriff;dolearius;doleari;Wohn- und Ausstattungsbedarf;Fässer;Händler und/ oder Hersteller mit Fässern;Wissemann 1984;
spezialisierter Händlerbegriff;eborarius;eborari;Schmuck- und Zierbedarf;Elfenbein;Händler und oder Hersteller mit Gegenständen aus Elfenbein;Wissemann 1984;
spezialisierter Händlerbegriff;fabaria;fabaria;Lebensmittelbedarf;Bohnen;Bohnenhändlerin;Wissemann 1984;
spezialisierter Händlerbegriff;fenarius;fenari;Arbeits- und Betriebsmittelbedarf;Heu;Heuhändler;Wissemann 1984;
spezialisierter Händlerbegriff;fenivenditor;fenivenditor;Arbeits- und Betriebsmittelbedarf;Heu;Heuhändler;Wissemann 1984;
spezialisierter Händlerbegriff;ferramentarius;ferramentari;Arbeits- und Betriebsmittelbedarf;Werkzeuge;Händler und/oder Hersteller mit Eisenwerkzeuge;Wissemann 1984;
spezialisierter Händlerbegriff;ficarius;ficari;Lebensmittelbedarf;Feigen;Feigenhändler;Wissemann 1984;
spezialisierter Händlerbegriff;flaturariae sigillariae;flaturari sigillari;Wohn- und Ausstattungsbedarf;Metallwaren, Geschirr ;Händler für Metallwaren/Trinkgeschirr sowie Tonwaren und Statuetten aus Metall;Schlippschuh 1974;
spezialisierter Händlerbegriff;frenarius;frenari;Arbeits- und Betriebsmittelbedarf;Zaumzeug;Händler mit Zaumzeug;Wissemann 1984;
spezialisierter Händlerbegriff;frumentarius;frumentari;Lebensmittelbedarf;Getreide;Getreidehändler / Miltärischer Beamter, betraut mit Getreideversorgung;Schlippschuh 1974 / Wissemann 1984;
spezialisierter Händlerbegriff;frumentator;frumentator;Lebensmittelbedarf;Getreide;Getreidehändler;Wissemann 1984;
spezialisierter Händlerbegriff;gallicarius;gallicari;Kleidungs- und Schutzbedarf;Sandalen;Händler und/ oder Hersteller mit gallischen Sandalen;Wissemann 1984;
spezialisierter Händlerbegriff;gladiarius;gladiari;Arbeits- und Betriebsmittelbedarf;Waffen;Waffenhersteller/-händler / Händler und/ oder Hersteller mit Schwertern;Schlippschuh 1974 / Wissemann 1984;
spezialisierter Händlerbegriff;gladiatoria;gladiatoria;Bildungs- und Unterhaltungsbedarf;Gladiatoren;Händler von Gladiatoren(-truppen);Schlippschuh 1974;
spezialisierter Händlerbegriff;grutarius;grutari;Wohn- und Ausstattungsbedarf;Altwaren;Altwarenhändler;Wissemann 1984;
spezialisierter Händlerbegriff;holearius;holeari;Lebensmittelbedarf;Gemüse;Gemüsehändler;Wissemann 1984;
spezialisierter Händlerbegriff;holitor;holitor;Lebensmittelbedarf;Gemüse;Gemüsehändler;Wissemann 1984;
spezialisierter Händlerbegriff;holosericoprata;holosericoprat;Arbeits- und Betriebsmittelbedarf;Seide;Seidenhändler;Wissemann 1984;
spezialisierter Händlerbegriff;indusiarius;indusiari;Kleidungs- und Schutzbedarf;Händler und/ oder Hersteller mir Oberbe;Händler und/ oder Hersteller mir Oberbekleidung;Wissemann 1984;
spezialisierter Händlerbegriff;intestinarii;intestinari;Wohn- und Ausstattungsbedarf;Innenausstattung/Möbel;Vertrieb für gebräuchliche Materialien in Innenausstattung und Möbeln;Schlippschuh 1974;
spezialisierter Händlerbegriff;lactarius;lactari;Lebensmittelbedarf;Milch;Milchhändler;Wissemann 1984;
spezialisierter Händlerbegriff;lactucarius;lactucari;Arbeits- und Betriebsmittelbedarf;spezialisierter Han ip;Lattichhändler;Wissemann 1984;
spezialisierter Händlerbegriff;lanarius;lanari;Arbeits- und Betriebsmittelbedarf;Wolle;Wollhändler;Wissemann 1984;
spezialisierter Händlerbegriff;lanius;lani;Lebensmittelbedarf;Fleisch;Metzger/Fleischwarenhändler, Tätigkeit als Händler im nahen Umfeld.;Schlippschuh 1974;
spezialisierter Händlerbegriff;lapidarius;lapidari;Wohn- und Ausstattungsbedarf;Stein;Händler von ungearbeiteten Steinen hoher Qualität;Schlippschuh 1974;
spezialisierter Händlerbegriff;lardarius;lardari;Lebensmittelbedarf;spezialisierter Hps ip;Speckhändler, Händler von gepökeltem Schweinefleisch / Speckhändler;Schlippschuh 1974 / Wissemann 1984;
spezialisierter Händlerbegriff;laudecenarius;laudecenari;Lebensmittelbedarf;Feinkosthändler;Feinkosthändler? Genussmittelhändler, keine Übersetzung gefunden!;Schlippschuh 1974;
spezialisierter Händlerbegriff;lectarius;lectari;Wohn- und Ausstattungsbedarf;spezialisierter Han ip;Händler und/ oder Hersteller mit Betten;Wissemann 1984;
spezialisierter Händlerbegriff;leguminarius;leguminari;Lebensmittelbedarf;Gemüse;Händler für Gemüse/Hülsenfrüchten / Hülsenfruchthändler;Schlippschuh 1974 / Wissemann 1984;
spezialisierter Händlerbegriff;lentiarius;lentiari;Lebensmittelbedarf;Linsen;Linsenhändler;Wissemann 1984;
spezialisierter Händlerbegriff;libarius;libari;Lebensmittelbedarf;Gebäck;Kuchenverkäufer;Wissemann 1984;
spezialisierter Händlerbegriff;libellio;libelli;Bildungs- und Unterhaltungsbedarf;Bücher;Buchhändler;Wissemann 1984;
spezialisierter Händlerbegriff;libitinarius;libitinari;Arbeits- und Betriebsmittelbedarf;Bestattungsgeräte;Händler mit Bestattungsgerät;Wissemann 1984;
spezialisierter Händlerbegriff;librarius;librari;Bildungs- und Unterhaltungsbedarf;Bücher;Buchhändler, -verkäufer, Schreiber, Kopist von Büchern;Schlippschuh 1974 / Wissemann 1984;
spezialisierter Händlerbegriff;lignarius;lignari;Wohn- und Ausstattungsbedarf;Holz;Holzhändler;Schlippschuh 1974 / Wissemann 1984;
spezialisierter Händlerbegriff;limbularius;limbulari;Arbeits- und Betriebsmittelbedarf;Bordüren;Händler und/ oder Hersteller mit Bordüren;Wissemann 1984;
spezialisierter Händlerbegriff;linarius;linari;Kleidungs- und Schutzbedarf;Leinen;Leinweber, Leinenstoffhändler / Händler und/ oder Hersteller mit Leinen;Schlippschuh 1974 / Wissemann 1984;
spezialisierter Händlerbegriff;linteaminarius;linteaminari;Kleidungs- und Schutzbedarf;Leinen;Leinwandhändler;Wissemann 1984;
spezialisierter Händlerbegriff;lintearius;linteari;Kleidungs- und Schutzbedarf;Leinen;Leinwandhändler;Wissemann 1984;
spezialisierter Händlerbegriff;lintiarius;lintiari;Kleidungs- und Schutzbedarf;Leinen;Leinenstoffhändler;Schlippschuh 1974;
spezialisierter Händlerbegriff;liquaminarius;liquaminari;Lebensmittelbedarf;Fischsauce;Händler mit Fischsauce;Wissemann 1984;
spezialisierter Händlerbegriff;locularius;loculari;Wohn- und Ausstattungsbedarf;Kästchen;Händler und/ oder Hersteller mit Kästchen;Wissemann 1984;
spezialisierter Händlerbegriff;lomentarius;lomentari;Schmuck- und Zierbedarf;Salben;Salbenhändler;Wissemann 1984;
spezialisierter Händlerbegriff;lupinarii;lupinari;Lebensmittelbedarf;Hülsenfrüchte;Hülsenfruchthändler;Wissemann 1984;
spezialisierter Händlerbegriff;macellarius;macellari;Lebensmittelbedarf;Fleisch;Fleischwarenhändler (Fleisch v. Haustiere, Geflügel, Wild, Fisch verkauft), in macella abseits Forums, Tiere geschlachtet, aber nicht zerlegt oder verändert, bloßer Weiterverkauf / Fleischwarenhändler;Schlippschuh 1974 / Wissemann 1984;
spezialisierter Händlerbegriff;manceps;mancep;Arbeits- und Betriebsmittelbedarf;Sklaven;Käufer, Pächter stattlicher Gütern, Unternehmer öffentlicher Arbeiten;Schlippschuh 1974;
spezialisierter Händlerbegriff;mancipator;mancipator;Arbeits- und Betriebsmittelbedarf;Sklaven;Sklavenhändler;Wissemann 1984;
spezialisierter Händlerbegriff;mancipiarius;mancipiari;Arbeits- und Betriebsmittelbedarf;Sklaven;Sklavenhändler;Wissemann 1984;
spezialisierter Händlerbegriff;mango;mangon;Arbeits- und Betriebsmittelbedarf;Sklaven;Sklavenhändler, handelt mit Ware Arbeitskraft / Sklavenhändler;Wissemann 1984;
spezialisierter Händlerbegriff;manicarius;manicari;Kleidungs- und Schutzbedarf;Armbandagen;Händler und /oder Hersteller mit Armbandagen für Gladiatoren;Wissemann 1984;
spezialisierter Händlerbegriff;manticularius;manticulari;Kleidungs- und Schutzbedarf;Mäntel;Mantelhändler, Händler für Beutel, Mantelsäcke, Rucksäcke / Händler und/ oder Herstller mit Schultertaschen;;
spezialisierter Händlerbegriff;manulearius;manuleari;Kleidungs- und Schutzbedarf;Gewänder;Händler und/ oder Hersteller mit langärmeligen Gewändern;Wissemann 1984;
spezialisierter Händlerbegriff;margaritarius;margaritari;Schmuck- und Zierbedarf;Perlen;Perlenhändler;Wissemann 1984;
spezialisierter Händlerbegriff;materarius;materari;Wohn- und Ausstattungsbedarf;Baumaterial;Bauholzhändler;Wissemann 1984;
spezialisierter Händlerbegriff;materiarius;materiari;Wohn- und Ausstattungsbedarf;Baumaterial;Holz-, Baustoffhändler (Steine, Ziegel, sonstige Baustoffe);Schlippschuh 1974;
spezialisierter Händlerbegriff;mellarius;mellari;Lebensmittelbedarf;Honie;Honighändler;Wissemann 1984;
spezialisierter Händlerbegriff;merarius;merari;Lebensmittelbedarf;Wein;Weinhändler;Wissemann 1984;
spezialisierter Händlerbegriff;metaxarius;metaxari;Arbeits- und Betriebsmittelbedarf;Seide;Seidenhändler;Wissemann 1984;
spezialisierter Händlerbegriff;molochinarius;molochinari;Kleidungs- und Schutzbedarf;Kleidung;Händler und/ oder Hersteller mit Kleidern aus Malvenfasern;Wissemann 1984;
spezialisierter Händlerbegriff;monopolarius;monopolari;Schmuck- und Zierbedarf;Salben;Salbenhändler;Wissemann 1984;
spezialisierter Händlerbegriff;muriarius;muriari;Lebensmittelbedarf;Fischsauce, Salz;Händler von Gewürzsaucen/Fischsauce und Salzlaken. Handelten sicher auch mit liquamen und garum.;Schlippschuh 1974;
spezialisierter Händlerbegriff;myrobrecharius;myrobrechari;Schmuck- und Zierbedarf;Salben;Salbenhändler;Wissemann 1984;
spezialisierter Händlerbegriff;myropolarius;myropolari;Schmuck- und Zierbedarf;Salben;Salbenhändler;Wissemann 1984;
spezialisierter Händlerbegriff;olearius;oleari;Lebensmittelbedarf;Öl;Ölhändler und kein Ölfabrikant / Ölhändler;Schlippschuh 1974 / Wissemann 1984;
spezialisierter Händlerbegriff;oleator;oleator;Lebensmittelbedarf;Gemüse;Gemüsehändler;Wissemann 1984;
spezialisierter Händlerbegriff;paenularius;paenulari;Kleidungs- und Schutzbedarf;Mäntel, Umhänge;Händler von Mänteln, Stoffen für Oberbekleidung / Händler mit Kapuzenmäntel;Schlippschuh 1974 / Wissemann 1984;
spezialisierter Händlerbegriff;panarius;panari;Lebensmittelbedarf;Brot;Brothändler;Wissemann 1984;
spezialisierter Händlerbegriff;pecurarius;pecurari;Lebensmittelbedarf;Vieh;Viehhändler/-besitzer, ohne Negotiator eher Besitzer und weniger Händler.;;
spezialisierter Händlerbegriff;pellarius;pellari;Kleidungs- und Schutzbedarf;Pelz;Pelzhändler und / Oder Kürschner;Wissemann 1984;
spezialisierter Händlerbegriff;pellicarius;pellicari;Kleidungs- und Schutzbedarf;Pelz;Pelzwarenhändler, ohne Händlerbegriff Kürschner;Eigene Recherche;
spezialisierter Händlerbegriff;pellio;pellion;Kleidungs- und Schutzbedarf;Pelz;Fell-, Pelzhändler / Pelzhändler;Schlippschuh 1974 / Wissemann 1984;
spezialisierter Händlerbegriff;pernarius;pernari;Lebensmittelbedarf;Schminke;Schinkenhändler;Wissemann 1984;
spezialisierter Händlerbegriff;perticarius;perticari;Arbeits- und Betriebsmittelbedarf;Stangen;Stangenhändler;Wissemann 1984;
spezialisierter Händlerbegriff;pharmacopola;pharmacopo;Schmuck- und Zierbedarf;Salben;Wundersalbenhändler;Wissemann 1984;
spezialisierter Händlerbegriff;pigmentarius;pigmentari;Schmuck- und Zierbedarf;Salben;Salbenhändler;Wissemann 1984;
spezialisierter Händlerbegriff;piscarius;piscari;Lebensmittelbedarf;Fisch;Fischhändler;Wissemann 1984;
spezialisierter Händlerbegriff;pistorius;pistori;Lebensmittelbedarf;Backwarenhändle;Backwarenhändler, Mehlhändler,-verarbeiter?;Schlippschuh 1974;
spezialisierter Händlerbegriff;pomarius;pomari;Lebensmittelbedarf;Obst;Obsthändler;Wissemann 1984;
spezialisierter Händlerbegriff;pometarius;pometari;Lebensmittelbedarf;Obst;Obsthändler;Wissemann 1984;
spezialisierter Händlerbegriff;porcarius;porcari;Lebensmittelbedarf;Schweine;Schweinehändler, ohne Händlerbegriff - Schweinebesitzer;Schlippschuh 1974;
spezialisierter Händlerbegriff;porcinarius;porcinari;Lebensmittelbedarf;Schweine;Schweinehändler;Wissemann 1984;
spezialisierter Händlerbegriff;poscarius;poscari;Lebensmittelbedarf;Limonaden;Limonadenhändler;Wissemann 1984;
spezialisierter Händlerbegriff;psathyropola;psathyropo;Lebensmittelbedarf;Kuchen;Kuchenverkäufer;Wissemann 1984;
spezialisierter Händlerbegriff;pugillariarius;pugillariari;Bildungs- und Unterhaltungsbedarf;Schreibtafeln;Händler und/ oder Hersteller mit Schreibtäfelchen;Wissemann 1984;
spezialisierter Händlerbegriff;purpurarius;purpurari;Kleidungs- und Schutzbedarf;Purpur;Purpurhändler;Schlippschuh 1974 / Wissemann 1984;
spezialisierter Händlerbegriff;ratiarius;ratiari;Wohn- und Ausstattungsbedarf;Holz;Flößer, Transporthändler von geflößtem Holz;Schlippschuh 1974;
spezialisierter Händlerbegriff;recentarius;recentari;Lebensmittelbedarf;Wein;Händler mit gekühltem Wein;Wissemann 1984;
spezialisierter Händlerbegriff;restarius;restari;Arbeits- und Betriebsmittelbedarf;Seilen;Hersteller u. Händler von Seilen;Schlippschuh 1974;
spezialisierter Händlerbegriff;saccarius;saccar;Arbeits- und Betriebsmittelbedarf;Säcke;Sackhersteller, -träger/-händler Transportgefäßhersteller;Schlippschuh 1974;
spezialisierter Händlerbegriff;sagarius;sagari;Kleidungs- und Schutzbedarf;Mäntel, Umhänge;Händler von Kurzmänteln, Soldatenmänteln, Umhängen / Mantelhändler;Schlippschuh 1974 / Wissemann 1984;
spezialisierter Händlerbegriff;salarius;salari;Lebensmittelbedarf;Salzfisch;Salzfischhändler;Wissemann 1984;
spezialisierter Händlerbegriff;salgamarius;salgamari;Lebensmittelbedarf;Händler mit Gep;Händler mit Gepökeltem;Wissemann 1984;
spezialisierter Händlerbegriff;salinator;salinat;Lebensmittelbedarf;Kochsalz;Kochsalzhändler;Wissemann 1984;
spezialisierter Händlerbegriff;salsamentarius;salsamentari;Lebensmittelbedarf;Salzfisch;Salzfischhändler;Wissemann 1984;
spezialisierter Händlerbegriff;salsarius;salsari;Lebensmittelbedarf;Salziges, Eingesalzenem;Händler mit Eingesalzenem (Fischware), Salz- oder Pökelfleischhändler / Salzfischhändler;Schlippschuh 1974 / Wissemann 1984;
spezialisierter Händlerbegriff;saponarius;saponari;Schmuck- und Zierbedarf;Seife, Haarsalbe, Pomade;Seifen-, Haarsalben-, Pomadenhändler (auch Schminke), Händler und/ oder Hersteller mit Seife;Schlippschuh 1974 / Wissemann 1984;
spezialisierter Händlerbegriff;sciniarius;sciniari;Wohn- und Ausstattungsbedarf;Kästchen;Händler mit Kästchen?;Wissemann 1984;
spezialisierter Händlerbegriff;scrutarius;scrutari;Wohn- und Ausstattungsbedarf;Altwaren;Altwarenhändler;Wissemann 1984;
spezialisierter Händlerbegriff;segmentarius;segmentari;Schmuck- und Zierbedarf;Gold;Händler und/ oder Hersteller mit Goldbesatz;Wissemann 1984;
spezialisierter Händlerbegriff;seminaria;seminar;Arbeits- und Betriebsmittelbedarf;Samen;Samenhändlerin;Wissemann 1984;
spezialisierter Händlerbegriff;seplasiarius;seplasiari;Schmuck- unnd Zierbedarf;Salbenhändler, Begriffsunterschied zu unguentarius verwischt / Krämer / Händler und/ oder Hersteller mi;Salbenhändler, Begriffsunterschied zu unguentarius verwischt / Krämer / Händler und/ oder Hersteller mit Salben;Schlippschuh 1974 / Wissemann 1984;
spezialisierter Händlerbegriff;sericarius;sericari;Arbeits- und Betriebsmittelbedarf;;Seidenhändler;Wissemann 1984;
spezialisierter Händlerbegriff;sigillariarius;sigillariari;Wohn- und Ausstattungsbedarf;;Händler und/ oder Hersteller mit Terrakotten;Wissemann 1984;
spezialisierter Händlerbegriff;simpulariarius;simpulariari;Wohn- und Ausstattungsbedarf;;Händler und/ oder Hersteller mit Schöpfkellen;Wissemann 1984;
spezialisierter Händlerbegriff;sitularius;situlari;Lebensmittelbedarf;Wasser;Wasserverkäufer;Wissemann 1984;
spezialisierter Händlerbegriff;solatarius;solatari;Kleidungs- und Schutzbedarf;Sandalen;Sandahlensohlenhändler;Wissemann 1984;
spezialisierter Händlerbegriff;solearius;soleari;Kleidungs- und Schutzbedarf;Sandalen;Sandalenhändler;Schlippschuh 1974;
spezialisierter Händlerbegriff;spartarius;spartari;Wohn- und Ausstattungsbedarf;Strickmatten;Stricke-Mattenhändler/Strickmattenhändler;Wissemann 1984;
spezialisierter Händlerbegriff;speciaria;speciar;Lebensmittelbedarf;Gewürze;Gewürzhändlerin;Wissemann 1984;
spezialisierter Händlerbegriff;speculariarius;speculariari;Wohn- und Ausstattungsbedarf;Fensterglas, Spiegel;Händler und/ oder Hersteller mit Fensterglas / Spiegelscheibenhändlerin;Wissemann 1984;
spezialisierter Händlerbegriff;statuarius;statuari;Wohn- und Ausstattungsbedarf;Statuen;Händler und/ oder Hersteller mit Statuen;Wissemann 1984;
spezialisierter Händlerbegriff;stephanopolis;stephanopol;Schmuck- und Zierbedarf;Kränze;Kranzhändlerin;Wissemann 1984;
spezialisierter Händlerbegriff;strophiarius;strophiari;Kleidungs- und Schutzbedarf;Büstenhalter;Händler und/ oder Hersteller mit Büstenhalter;Wissemann 1984;
spezialisierter Händlerbegriff;suarius;suari;Lebensmittelbedarf;Schweinehändler;Schweinehändler, ohne Händlerbegriff - Schweinebesitzer / Schweinehändler;Schlippschuh 1974 / Wissemann 1984;
spezialisierter Händlerbegriff;subaedianius;subaediani;Wohn- und Ausstattungsbedarf;Innenausstattung/Möbel;Vertrieb für gebräuchliche Materialien in Innenausstattung und Möbeln;Schlippschuh 1974;
spezialisierter Händlerbegriff;tabernio;taberni;Lebensmittelbedarf;Wein;Weinhändler;Wissemann 1984;
spezialisierter Händlerbegriff;tignuarius;tignuar;Wohn- und Ausstattungsbedarf;Holz;Zimmerleute, Bauholzhändler und -unternehmer, Händler für Nutzholz;Schlippschuh 1974;
spezialisierter Händlerbegriff;tomacularius;tomaculari;Lebensmittelbedarf;Wurst;Wursthändler;Wissemann 1984;
spezialisierter Händlerbegriff;tubarius;tubari;Arbeits- und Betriebsmittelbedarf;Tuben;Händler und/oder Hersteller mit Tuben;Wissemann 1984;
spezialisierter Händlerbegriff;turarius;turari;Schmuck- und Zierbedarf;Weihrauch;Weihrauchhändler;Wissemann 1984;
spezialisierter Händlerbegriff;unguentarius/a;unguentari;Schmuck- unnd Zierbedarf;Salben/Salböl;Salben-, Salbölhändler;Schlippschuh 1974 / Wissemann 1984;
spezialisierter Händlerbegriff;valvarius;valvari;Wohn- und Ausstattungsbedarf;Türen;Händler und/ oder Hersteller mit Doppeltüren;Wissemann 1984;
spezialisierter Händlerbegriff;vascularius;vasculari;Arbeits- und Betriebsmittelbedarf;Gefäße;Händler mit Gefäßen;Wissemann 1984;
spezialisierter Händlerbegriff;venaliciarius;venaliciari;Arbeits- und Betriebsmittelbedarf;Sklaven;Sklavenhändler;Wissemann 1984;
spezialisierter Händlerbegriff;venalicius;venalici;Arbeits- und Betriebsmittelbedarf;Sklaven;Sklavenhändler, -verkäufer;Schlippschuh 1974 / Wissemann 1984;
spezialisierter Händlerbegriff;vestiarius;vestiari;Kleidungs- und Schutzbedarf;Kleidung;Tuch-, Kleider-, Textilhändler / Groß-/Fernhändler von Kleidern/Tüchern / Kleiderhändler;Schlippschuh 1974 / Wissemann 1984;
spezialisierter Händlerbegriff;vestimentarius;vestimentari;Kleidungs- und Schutzbedarf;Kleidung;Kleiderhändler;Wissemann 1984;
spezialisierter Händlerbegriff;victimarius;victimari;Arbeits- und Betriebsmittelbedarf;Opftertiere;Händler mit Opfertieren;Wissemann 1984;
spezialisierter Händlerbegriff;viminarius;viminari;Arbeits- und Betriebsmittelbedarf;Flechtwaren;Flechtwarenhändler, Hersteller u. Händler von Gegenständen aus Weidengeflecht;Schlippschuh 1974 / Wissemann 1984;
spezialisierter Händlerbegriff;vinariarius;vinariari;Lebensmittelbedarf;Wein;Weinhändler;Wissemann 1984;
spezialisierter Händlerbegriff;vinarius;vinari;Lebensmittelbedarf;Wein;Weinhändler, Winzer / Weinhändler (,Trinker) / Weinhändler;Schlippschuh 1974 / Wissemann 1984;
spezialisierter Händlerbegriff;vitor;vitor;Arbeits- und Betriebsmittelbedarf;Körbe;Händler und/ oder Hersteller mit Körben;Wissemann 1984;
spezialisierter Händlerbegriff;vitrearius;vitreari;Wohn- und Ausstattungsbedarf;Glas;Glashändler;Wissemann 1984;
spezialisierter Händlerbegriff;vulgenarius;vulgenari;Schmuck- unnd Zierbedarf;Salben;Salbenhändler;Wissemann 1984;
Transporteur;codicarius;codicari;Transport und Logistik;Schiffstransport;Flusskahnschiffer, Schiffer eines aus Baumstamm geferitgten Kahns;Schlippschuh 1974;
Transporteur;mulio;mulio;Transport und Logistik;Landtransport;Maultierbesitzer/-treiber, Zugtier für Landtransport;Schlippschuh 1974;
Transporteur;nauta;nauta;Transport und Logistik;Schifftransport;Seemann, Schiffer, Reeder, Kaufmann;Schlippschuh 1974;
Transporteur;navicularius;navicularius;Transport und Logistik;Schifftransport;Schiffseigner, Fraschschiffer, Reeder, Schiffs-;Schlippschuh 1974;
Transporteur;navita;navita;Transport und Logistik;Schifftransport;Seemann, Schiffer, Reeder, Kaufmann;Schlippschuh 1974;
Transporteur;utricularius;utriculari;Transport und Logistik;Transport;Schlauchvertiger/hersteller, darin Transport von Flüssigkeiten, wie Wein;Schlippschuh 1974;
